Time,Source,Destination,Protocol,Length,Info
94.117037,192.168.137.147,239.255.255.250,UDP,666,55445  >  3702 Len=624
16.563477,81.131.67.131,85.216.130.151,UDP,61,41730  >  5180 Len=19
50.703125,81.131.67.131,212.129.214.254,UDP,61,41730  >  6346 Len=19
0.14033,193.63.53.155,224.1.2.3,UDP,1482,1976  >  6003 Len=1440
1.490939,193.63.53.155,224.1.2.3,UDP,1482,1976  >  6003 Len=1440
17.532227,81.131.67.131,81.190.139.194,UDP,61,41730  >  6346 Len=19
7.282227,81.131.67.131,80.144.139.239,UDP,61,41730  >  6346 Len=19
1.765625,213.164.97.197,81.131.67.131,UDP,61,6346  >  41730 Len=19
48.391602,81.131.67.131,211.147.232.106,UDP,61,41730  >  17626 Len=19
6.860352,81.131.67.131,38.115.4.204,UDP,50,41730  >  21284 Len=8
46.094727,38.115.4.204,81.131.67.131,UDP,54,21284  >  41730 Len=12
8.376953,81.131.67.131,85.96.110.115,UDP,61,41730  >  6346 Len=19
935.189674,192.168.137.1,255.255.255.255,UDP,56,62334  >  3289 Len=14
5.671875,81.131.67.131,213.22.134.120,UDP,50,41730  >  19408 Len=8
73.713702,192.168.137.147,239.255.255.250,UDP,666,52891  >  3702 Len=624
10.048828,83.53.165.235,81.131.67.131,UDP,50,6346  >  41730 Len=8
11.720703,81.131.67.131,69.4.150.232,UDP,61,41730  >  6346 Len=19
50.625,81.131.67.131,81.247.65.177,UDP,61,41730  >  6346 Len=19
52.844727,81.131.67.131,83.203.140.221,UDP,61,41730  >  6346 Len=19
34.063477,84.160.51.248,81.131.67.131,UDP,61,6346  >  41730 Len=19
19.391602,81.131.67.131,82.171.96.179,UDP,61,41730  >  6346 Len=19
56.876953,81.131.67.131,83.214.23.135,UDP,50,41730  >  6346 Len=8
4.326926,193.63.53.155,224.1.2.3,UDP,1482,1976  >  6003 Len=1440
0.096452,193.63.53.155,224.1.2.3,UDP,1482,1976  >  6003 Len=1440
94.8237,fe80::a8f9:bf90:88d5:7c62,ff02::c,UDP,686,55446  >  3702 Len=624
0.544634,193.63.53.155,224.1.2.3,UDP,1482,1976  >  6003 Len=1440
1376.632585,192.168.137.1,255.255.255.255,UDP,56,58925  >  3289 Len=14
3.922629,193.63.53.155,224.1.2.3,UDP,1482,1976  >  6003 Len=1440
57.626953,81.131.67.131,86.196.189.113,UDP,50,41730  >  6346 Len=8
8.765625,81.131.67.131,84.228.12.31,UDP,61,41730  >  6346 Len=19
0.359375,81.131.67.131,65.30.55.121,UDP,50,41730  >  6346 Len=8
98.17544,fe80::a8f9:bf90:88d5:7c62,ff02::c,UDP,686,53616  >  3702 Len=624
22.110352,81.131.67.131,83.117.6.35,UDP,61,41730  >  6346 Len=19
14.126953,81.131.67.131,83.116.155.57,UDP,61,41730  >  6346 Len=19
6.640625,81.131.67.131,216.252.228.53,UDP,61,41730  >  6346 Len=19
3.9375,81.131.67.131,68.186.167.166,UDP,550,41730  >  13778 Len=508
33.528321,81.131.67.131,80.57.189.205,UDP,405,41730  >  37582 Len=363
10.048828,81.131.67.131,83.53.165.235,UDP,50,41730  >  6346 Len=8
2107.762906,192.168.137.1,255.255.255.255,UDP,56,59780  >  3289 Len=14
107.146119,192.168.137.1,255.255.255.255,UDP,56,62574  >  3289 Len=14
16.19043,81.131.67.131,62.193.101.150,UDP,61,41730  >  6346 Len=19
153.679257,192.168.137.1,255.255.255.255,UDP,56,56498  >  3289 Len=14
48.422852,81.131.67.131,200.158.81.150,UDP,61,41730  >  6346 Len=19
52.813477,81.131.67.131,219.137.42.1,UDP,61,41730  >  6346 Len=19
7.360352,81.131.67.131,81.247.65.177,UDP,61,41730  >  6346 Len=19
31.415039,81.131.67.131,219.149.233.209,UDP,61,41730  >  6346 Len=19
8.51255,193.63.53.155,224.1.2.3,UDP,1482,1976  >  6003 Len=1440
45.393555,212.195.108.125,81.131.67.131,UDP,54,6346  >  41730 Len=12
57.580078,86.196.189.113,81.131.67.131,UDP,61,6346  >  41730 Len=19
5.607422,81.131.67.131,83.117.6.35,UDP,61,41730  >  6346 Len=19
2.40625,68.62.236.42,81.131.67.131,UDP,61,28101  >  41730 Len=19
17.250977,81.131.67.131,82.252.14.139,UDP,50,41730  >  6346 Len=8
9.96875,81.131.67.131,60.240.56.21,UDP,50,41730  >  6346 Len=8
838.365408,192.168.137.1,255.255.255.255,UDP,56,53797  >  3289 Len=14
18.875977,81.131.67.131,172.187.35.142,UDP,50,41730  >  6346 Len=8
30.73255,192.168.137.147,239.255.255.250,UDP,666,63256  >  3702 Len=624
544.434069,192.168.137.1,255.255.255.255,UDP,56,57070  >  3289 Len=14
0.09375,81.131.67.131,62.203.155.212,UDP,61,41730  >  6346 Len=19
23.923828,81.131.67.131,210.80.167.146,UDP,61,41730  >  6346 Len=19
3.242925,193.63.53.155,224.1.2.3,UDP,1482,1976  >  6003 Len=1440
11.082896,193.63.53.155,224.1.2.3,UDP,66,1976  >  6003 Len=24
0.34375,81.56.116.170,81.131.67.131,UDP,61,6346  >  41730 Len=19
5.943158,193.63.53.155,224.1.2.3,UDP,1482,1976  >  6003 Len=1440
119.428195,fe80::a8f9:bf90:88d5:7c62,ff02::c,UDP,686,53624  >  3702 Len=624
3.068168,193.63.53.155,224.1.2.3,UDP,1482,1976  >  6003 Len=1440
6.181641,81.131.67.131,84.149.148.25,UDP,61,41730  >  6346 Len=19
2.40625,81.131.67.131,68.62.236.42,UDP,50,41730  >  28101 Len=8
3.359375,81.131.67.131,84.190.183.182,UDP,61,41730  >  6347 Len=19
2087.79484,192.168.137.1,255.255.255.255,UDP,56,59780  >  3289 Len=14
18.496926,192.168.2.6,224.0.1.129,UDP,86,42319  >  42319 Len=44
7.520334,193.63.53.155,224.1.2.3,UDP,1482,1976  >  6003 Len=1440
20.485352,81.131.67.131,219.137.42.1,UDP,61,41730  >  6346 Len=19
2.842557,193.63.53.155,224.1.2.3,UDP,1482,1976  >  6003 Len=1440
24.50293,81.131.67.131,151.37.67.40,UDP,61,41730  >  6346 Len=19
19.215821,65.30.55.121,81.131.67.131,UDP,50,6346  >  41730 Len=8
204.059462,192.168.137.1,255.255.255.255,UDP,56,64967  >  3289 Len=14
2148.005609,192.168.137.1,255.255.255.255,UDP,56,52467  >  3289 Len=14
56.173828,81.131.67.131,24.11.146.28,UDP,54,41730  >  17342 Len=12
103.819738,fe80::a8f9:bf90:88d5:7c62,ff02::c,UDP,686,53620  >  3702 Len=624
3.965591,193.63.53.155,224.1.2.3,UDP,1482,1976  >  6003 Len=1440
56.173828,81.131.67.131,85.96.110.115,UDP,61,41730  >  6346 Len=19
19.504883,81.131.67.131,83.112.25.172,UDP,61,41730  >  6346 Len=19
43.209961,81.131.67.131,218.72.89.80,UDP,61,41730  >  6346 Len=19
42.078125,81.131.67.131,83.132.177.64,UDP,61,41730  >  6346 Len=19
0.366899,193.63.53.155,224.1.2.3,UDP,1482,1976  >  6003 Len=1440
8.314453,81.131.67.131,62.193.101.150,UDP,61,41730  >  6346 Len=19
147.549921,fe80::a8f9:bf90:88d5:7c62,ff02::c,UDP,686,55473  >  3702 Len=624
69.690423,fe80::a8f9:bf90:88d5:7c62,ff02::c,UDP,686,52892  >  3702 Len=624
52.985352,81.131.67.131,213.96.20.254,UDP,61,41730  >  6347 Len=19
46.329102,81.131.67.131,219.137.42.1,UDP,61,41730  >  6346 Len=19
37.720703,81.131.67.131,81.178.122.194,UDP,61,41730  >  18035 Len=19
44.779297,81.131.67.131,213.213.216.6,UDP,50,41730  >  6346 Len=8
7.329102,81.131.67.131,82.192.36.209,UDP,61,41730  >  6346 Len=19
16.157227,81.131.67.131,84.98.242.226,UDP,50,41730  >  62573 Len=8
8.469587,193.63.53.155,224.1.2.3,UDP,1482,1976  >  6003 Len=1440
22.704102,81.131.67.131,38.115.4.204,UDP,54,41730  >  21284 Len=12
11.783203,81.131.67.131,84.156.173.210,UDP,61,41730  >  6346 Len=19
42.15625,81.131.67.131,83.112.25.172,UDP,61,41730  >  6346 Len=19
8.111098,192.168.2.6,224.0.0.107,UDP,96,42319  >  42319 Len=54
95.624345,192.168.137.147,239.255.255.250,UDP,666,55445  >  3702 Len=624
3.146241,193.63.53.155,224.1.2.3,UDP,1482,1976  >  6003 Len=1440
1.943088,193.63.53.155,224.1.2.3,UDP,1482,1976  >  6003 Len=1440
11.629785,193.63.53.155,224.1.2.3,UDP,66,1976  >  6003 Len=24
119.145612,192.168.137.147,239.255.255.250,UDP,666,53623  >  3702 Len=624
73.728905,fe80::a8f9:bf90:88d5:7c62,ff02::c,UDP,686,58319  >  3702 Len=624
23.876953,81.131.67.131,212.129.182.184,UDP,61,41730  >  6346 Len=19
477.72135,192.168.137.1,255.255.255.255,UDP,56,60346  >  3289 Len=14
27.033203,81.131.67.131,83.197.36.179,UDP,550,41730  >  6346 Len=508
16.125,81.131.67.131,81.247.65.177,UDP,61,41730  >  6346 Len=19
7.298732,193.63.53.155,224.1.2.3,UDP,1482,1976  >  6003 Len=1440
5.631632,193.63.53.155,224.1.2.3,UDP,1482,1976  >  6003 Len=1440
99.831877,192.168.137.147,239.255.255.250,UDP,666,53615  >  3702 Len=624
55.50586,81.131.67.131,24.11.146.28,UDP,50,41730  >  17342 Len=8
10.578125,84.228.12.31,81.131.67.131,UDP,50,6346  >  41730 Len=8
24.47168,81.131.67.131,69.4.150.232,UDP,61,41730  >  6346 Len=19
16.422852,81.131.67.131,62.203.15.181,UDP,61,41730  >  6346 Len=19
23.861328,81.131.67.131,61.26.65.145,UDP,429,41730  >  6346 Len=387
1727.144877,192.168.137.1,255.255.255.255,UDP,56,56171  >  3289 Len=14
3.484375,81.131.67.131,213.96.20.254,UDP,61,41730  >  6347 Len=19
38.736328,81.131.67.131,82.42.241.166,UDP,550,41730  >  31391 Len=508
6.173635,193.63.53.155,224.1.2.3,UDP,1482,1976  >  6003 Len=1440
47.391602,81.131.67.131,201.137.214.74,UDP,61,41730  >  6346 Len=19
8.140625,66.50.6.35,81.131.67.131,UDP,61,6346  >  41730 Len=19
8.78125,81.131.67.131,210.23.168.206,UDP,550,41730  >  4014 Len=508
16.551743,193.63.53.155,224.1.2.3,UDP,66,1976  >  6003 Len=24
58.423828,81.131.67.131,24.170.76.236,UDP,414,41730  >  37517 Len=372
56.236328,81.131.67.131,218.72.89.80,UDP,61,41730  >  6346 Len=19
116.832372,192.168.137.147,239.255.255.250,UDP,666,53621  >  3702 Len=624
5.0625,81.131.67.131,62.131.99.79,UDP,61,41730  >  6346 Len=19
49.528321,81.131.67.131,83.112.25.172,UDP,61,41730  >  6346 Len=19
17.516602,211.26.30.182,81.131.67.131,UDP,61,1807  >  41730 Len=19
6.179688,81.131.67.131,83.53.165.235,UDP,54,41730  >  6346 Len=12
1.626682,193.63.53.155,224.1.2.3,UDP,1482,1976  >  6003 Len=1440
52.875977,81.131.67.131,62.205.109.173,UDP,61,41730  >  6346 Len=19
3.602364,193.63.53.155,224.1.2.3,UDP,1482,1976  >  6003 Len=1440
9.455078,81.131.67.131,24.11.146.28,UDP,54,41730  >  17342 Len=12
68.590641,192.168.137.147,239.255.255.250,UDP,666,52891  >  3702 Len=624
31.402344,81.131.67.131,80.125.99.71,UDP,61,41730  >  6346 Len=19
44.979724,fe80::a8f9:bf90:88d5:7c62,ff02::c,UDP,686,60947  >  3702 Len=624
46.422852,81.131.67.131,62.131.99.79,UDP,61,41730  >  6346 Len=19
57.251953,81.131.67.131,195.130.143.128,UDP,61,41730  >  6346 Len=19
45.393555,212.195.108.125,81.131.67.131,UDP,50,6346  >  41730 Len=8
6.756649,193.63.53.155,224.1.2.3,UDP,1482,1976  >  6003 Len=1440
39.8125,81.131.67.131,201.137.214.74,UDP,61,41730  >  6346 Len=19
73.948371,192.168.137.147,239.255.255.250,UDP,666,58318  >  3702 Len=624
15.111328,81.131.67.131,84.56.231.176,UDP,61,41730  >  6346 Len=19
163.816478,192.168.137.1,255.255.255.255,UDP,56,50859  >  3289 Len=14
25.908203,81.131.67.131,62.34.123.244,UDP,61,41730  >  6346 Len=19
508.12873,192.168.137.1,255.255.255.255,UDP,56,60351  >  3289 Len=14
35.579102,81.131.67.131,68.21.34.173,UDP,61,41730  >  6346 Len=19
14.720703,81.131.67.131,24.11.146.28,UDP,50,41730  >  17342 Len=8
17.099615,193.63.53.155,224.1.2.3,UDP,66,1976  >  6003 Len=24
965.295227,192.168.137.1,255.255.255.255,UDP,56,61781  >  3289 Len=14
52.813477,81.131.67.131,38.115.4.204,UDP,54,41730  >  21284 Len=12
89.890654,192.168.137.147,239.255.255.250,UDP,666,55445  >  3702 Len=624
73.948666,192.168.137.147,239.255.255.250,UDP,666,58318  >  3702 Len=624
10.478025,192.168.2.6,224.0.0.107,UDP,96,42319  >  42319 Len=54
27.001953,81.131.67.131,84.27.15.106,UDP,61,41730  >  6346 Len=19
7.25568,193.63.53.155,224.1.2.3,UDP,1482,1976  >  6003 Len=1440
23.970703,81.131.67.131,86.193.209.223,UDP,61,41730  >  32186 Len=19
5.554688,81.131.67.131,84.149.148.25,UDP,61,41730  >  6346 Len=19
2.073348,193.63.53.155,224.1.2.3,UDP,1482,1976  >  6003 Len=1440
42.140625,81.131.67.131,85.96.110.115,UDP,61,41730  >  6346 Len=19
69.438826,192.168.137.147,239.255.255.250,UDP,666,52891  >  3702 Len=624
21.094727,81.131.67.131,82.216.238.111,UDP,61,41730  >  28046 Len=19
4.100372,193.63.53.155,224.1.2.3,UDP,1482,1976  >  6003 Len=1440
37.798828,81.131.67.131,65.43.223.20,UDP,61,41730  >  6346 Len=19
8.875,81.131.67.131,68.62.236.42,UDP,50,41730  >  28101 Len=8
19.543946,81.106.187.198,81.131.67.131,UDP,61,15644  >  41730 Len=19
58.392578,81.131.67.131,83.116.155.57,UDP,61,41730  >  6346 Len=19
23.892578,81.131.67.131,212.87.122.210,UDP,61,41730  >  6346 Len=19
7.391602,81.131.67.131,212.194.202.220,UDP,61,41730  >  6346 Len=19
6.65625,81.131.67.131,59.190.36.108,UDP,61,41730  >  6346 Len=19
5.365031,193.63.53.155,224.1.2.3,UDP,1482,1976  >  6003 Len=1440
7.445313,81.131.67.131,38.115.4.204,UDP,54,41730  >  21284 Len=12
45.290039,81.131.67.131,82.37.226.84,UDP,50,41730  >  6346 Len=8
15.064453,81.131.67.131,38.115.4.204,UDP,54,41730  >  21284 Len=12
0.125,81.131.67.131,172.177.184.179,UDP,61,41730  >  6346 Len=19
5.897351,193.63.53.155,224.1.2.3,UDP,1482,1976  >  6003 Len=1440
12.40625,71.112.28.202,81.131.67.131,UDP,61,6346  >  41730 Len=19
0.109375,81.131.67.131,83.132.177.64,UDP,61,41730  >  6346 Len=19
40.878392,fe80::a8f9:bf90:88d5:7c62,ff02::c,UDP,686,54702  >  3702 Len=624
103.15891,fe80::a8f9:bf90:88d5:7c62,ff02::c,UDP,686,53620  >  3702 Len=624
0.328125,212.195.108.125,81.131.67.131,UDP,50,6346  >  41730 Len=8
868.470927,192.168.137.1,255.255.255.255,UDP,56,64967  >  3289 Len=14
18.485352,81.131.67.131,211.31.4.111,UDP,343,41730  >  39489 Len=301
19.485348,192.168.2.6,224.0.1.129,UDP,86,42319  >  42319 Len=44
34.532227,81.131.67.131,82.42.241.166,UDP,355,41730  >  31391 Len=313
9.703125,81.131.67.131,69.11.56.178,UDP,50,41730  >  6346 Len=8
35.563477,81.131.67.131,84.97.114.126,UDP,61,41730  >  6347 Len=19
23.955078,81.131.67.131,24.109.212.31,UDP,61,41730  >  6346 Len=19
95.641341,fe80::a8f9:bf90:88d5:7c62,ff02::c,UDP,686,53616  >  3702 Len=624
39.828125,81.131.67.131,84.27.15.106,UDP,61,41730  >  6346 Len=19
39.90625,81.131.67.131,139.168.32.121,UDP,61,41730  >  6346 Len=19
5.091589,193.63.53.155,224.1.2.3,UDP,1482,1976  >  6003 Len=1440
16.51611,192.168.2.6,224.0.1.129,UDP,86,42319  >  42319 Len=44
5.22464,193.63.53.155,224.1.2.3,UDP,1482,1976  >  6003 Len=1440
6.533996,193.63.53.155,224.1.2.3,UDP,1482,1976  >  6003 Len=1440
8.740081,193.63.53.155,224.1.2.3,UDP,1482,1976  >  6003 Len=1440
2.570489,193.63.53.155,224.1.2.3,UDP,1482,1976  >  6003 Len=1440
20.500977,81.131.67.131,68.6.198.57,UDP,61,41730  >  6347 Len=19
9.03125,81.131.67.131,216.12.80.10,UDP,71,6348  >  6348 Len=29
111.617703,192.168.137.147,239.255.255.250,UDP,666,53621  >  3702 Len=624
20.595703,81.131.67.131,85.96.110.115,UDP,61,41730  >  6346 Len=19
50.734375,81.131.67.131,219.149.233.209,UDP,61,41730  >  6346 Len=19
45.393555,81.131.67.131,65.30.55.121,UDP,50,41730  >  6346 Len=8
19.59668,81.131.67.131,200.43.70.60,UDP,61,41730  >  6346 Len=19
16.407227,81.131.67.131,83.237.44.108,UDP,61,41730  >  6346 Len=19
28.048828,81.131.67.131,62.195.221.46,UDP,550,41730  >  6346 Len=508
31.388672,81.131.67.131,151.37.67.40,UDP,61,41730  >  6346 Len=19
37.845703,81.131.67.131,82.42.241.166,UDP,550,41730  >  31391 Len=508
2.109375,38.115.4.204,81.131.67.131,UDP,54,21284  >  41730 Len=12
4.55252,193.63.53.155,224.1.2.3,UDP,1482,1976  >  6003 Len=1440
24.518555,81.131.67.131,82.92.21.6,UDP,61,41730  >  6346 Len=19
82.581967,192.168.137.147,239.255.255.250,UDP,666,58320  >  3702 Len=624
3.40625,81.131.67.131,83.203.140.221,UDP,61,41730  >  6346 Len=19
44.979359,192.168.137.147,239.255.255.250,UDP,666,60946  >  3702 Len=624
46.375977,81.131.67.131,62.205.109.173,UDP,61,41730  >  6346 Len=19
0.8125,81.131.67.131,172.186.173.245,UDP,61,41730  >  6346 Len=19
18.657227,24.11.146.28,81.131.67.131,UDP,54,17342  >  41730 Len=12
39.9375,81.131.67.131,81.106.187.198,UDP,50,41730  >  15669 Len=8
1706.869943,192.168.137.1,255.255.255.255,UDP,56,56166  >  3289 Len=14
2.160875,193.63.53.155,224.1.2.3,UDP,1482,1976  >  6003 Len=1440
16.844727,81.131.67.131,216.90.136.40,UDP,50,41730  >  33447 Len=8
35.954102,149.156.74.157,81.131.67.131,UDP,50,6347  >  41730 Len=8
20.422852,81.131.67.131,62.167.89.152,UDP,61,41730  >  6346 Len=19
0.501662,193.63.53.155,224.1.2.3,UDP,1482,1976  >  6003 Len=1440
39.890625,81.131.67.131,219.137.42.1,UDP,61,41730  >  6346 Len=19
53.922852,81.131.67.131,84.248.196.113,UDP,61,41730  >  6346 Len=19
57.626953,81.131.67.131,24.82.216.237,UDP,50,41730  >  6346 Len=8
457.748754,192.168.137.1,255.255.255.255,UDP,56,60346  >  3289 Len=14
26.955078,81.131.67.131,207.216.13.37,UDP,61,41730  >  6346 Len=19
22.720703,81.131.67.131,82.10.189.102,UDP,61,41730  >  6346 Len=19
3.359375,81.131.67.131,81.244.90.24,UDP,61,41730  >  6346 Len=19
23.955078,81.131.67.131,24.11.146.28,UDP,54,41730  >  17342 Len=12
1.973371,193.63.53.155,224.1.2.3,UDP,1482,1976  >  6003 Len=1440
16.671875,83.117.2.56,81.131.67.131,UDP,50,2424  >  41730 Len=8
16.125977,65.30.55.121,81.131.67.131,UDP,54,6346  >  41730 Len=12
9.104391,192.168.2.6,224.0.0.107,UDP,96,42319  >  42319 Len=54
50.71875,81.131.67.131,151.37.67.40,UDP,61,41730  >  6346 Len=19
73.58725,fe80::a8f9:bf90:88d5:7c62,ff02::c,UDP,686,52892  >  3702 Len=624
6.577941,193.63.53.155,224.1.2.3,UDP,1482,1976  >  6003 Len=1440
107.181789,192.168.137.147,239.255.255.250,UDP,666,53619  >  3702 Len=624
20.658203,81.131.67.131,84.27.15.106,UDP,61,41730  >  6346 Len=19
16.391602,81.131.67.131,24.45.35.228,UDP,61,41730  >  6346 Len=19
19.422852,81.131.67.131,172.186.173.245,UDP,61,41730  >  6346 Len=19
18.219727,81.131.67.131,69.4.150.232,UDP,61,41730  >  6346 Len=19
5.541993,193.251.185.169,81.131.67.131,UDP,50,6346  >  41730 Len=8
16.500977,81.131.67.131,82.41.137.36,UDP,61,41730  >  6346 Len=19
367.01941,192.168.18.83,192.168.18.255,UDP,82,57621  >  57621 Len=40
55.25586,81.131.67.131,207.216.13.37,UDP,61,41730  >  6346 Len=19
52.681354,fe80::a8f9:bf90:88d5:7c62,ff02::c,UDP,686,51064  >  3702 Len=624
23.908203,81.131.67.131,213.118.155.13,UDP,61,41730  >  6346 Len=19
7.70199,193.63.53.155,224.1.2.3,UDP,1482,1976  >  6003 Len=1440
8.408203,81.131.67.131,68.186.167.166,UDP,550,41730  >  13778 Len=508
23.017578,61.87.54.192,81.131.67.131,UDP,61,6346  >  41730 Len=19
0.410836,193.63.53.155,224.1.2.3,UDP,1482,1976  >  6003 Len=1440
52.807447,192.168.137.147,239.255.255.250,UDP,666,51063  >  3702 Len=624
14.048828,81.131.67.131,83.117.2.56,UDP,77,41730  >  2424 Len=35
10.90625,81.131.67.131,210.23.168.206,UDP,550,41730  >  4014 Len=508
36.888835,192.168.137.1,255.255.255.255,UDP,56,50216  >  3289 Len=14
48.485352,81.131.67.131,172.186.173.245,UDP,61,41730  >  6346 Len=19
19.407227,81.131.67.131,80.185.105.19,UDP,61,41730  >  6346 Len=19
57.267578,81.131.67.131,207.148.176.7,UDP,61,41730  >  6346 Len=19
47.438477,81.131.67.131,201.12.152.2,UDP,61,41730  >  1313 Len=19
68.591296,fe80::a8f9:bf90:88d5:7c62,ff02::c,UDP,686,52892  >  3702 Len=624
35.657227,81.131.67.131,82.122.102.50,UDP,61,41730  >  6346 Len=19
22.912169,192.168.137.147,239.255.255.250,UDP,666,56935  >  3702 Len=624
2168.280891,192.168.137.1,255.255.255.255,UDP,56,49733  >  3289 Len=14
19.570313,81.131.67.131,218.72.89.80,UDP,61,41730  >  6346 Len=19
7.208812,193.63.53.155,224.1.2.3,UDP,1482,1976  >  6003 Len=1440
39.921875,81.106.187.198,81.131.67.131,UDP,61,15669  >  41730 Len=19
6.734375,81.131.67.131,62.39.164.74,UDP,61,41730  >  6346 Len=19
108.531754,fe80::a8f9:bf90:88d5:7c62,ff02::c,UDP,686,53620  >  3702 Len=624
22.767578,81.131.67.131,81.51.63.95,UDP,61,41730  >  6346 Len=19
2508.655968,192.168.137.1,255.255.255.255,UDP,56,49162  >  3289 Len=14
23.97047,192.168.137.147,239.255.255.250,UDP,666,51575  >  3702 Len=624
45.407227,81.131.67.131,81.106.187.198,UDP,50,41730  >  15677 Len=8
44.299805,81.131.67.131,38.115.4.204,UDP,54,41730  >  21284 Len=12
6.848447,193.63.53.155,224.1.2.3,UDP,1482,1976  >  6003 Len=1440
21.594727,81.131.67.131,80.171.9.79,UDP,61,41730  >  6346 Len=19
364.047302,192.168.18.83,192.168.18.255,UDP,82,57621  >  57621 Len=40
8.692225,193.63.53.155,224.1.2.3,UDP,1482,1976  >  6003 Len=1440
7.3125,218.13.89.168,81.131.67.131,UDP,61,65198  >  41730 Len=19
20.548828,81.131.67.131,83.132.177.64,UDP,61,41730  >  6346 Len=19
4.193127,193.63.53.155,224.1.2.3,UDP,1482,1976  >  6003 Len=1440
11.814453,81.131.67.131,68.21.34.173,UDP,61,41730  >  6346 Len=19
1.670656,193.63.53.155,224.1.2.3,UDP,1482,1976  >  6003 Len=1440
534.296841,192.168.137.1,255.255.255.255,UDP,56,57070  >  3289 Len=14
5.677528,193.63.53.155,224.1.2.3,UDP,1482,1976  >  6003 Len=1440
34.079102,81.131.67.131,81.106.187.198,UDP,50,41730  >  15660 Len=8
2097.625285,192.168.137.1,255.255.255.255,UDP,56,59780  >  3289 Len=14
61.612758,192.168.137.147,239.255.255.250,UDP,666,57689  >  3702 Len=624
8.21875,81.131.67.131,66.50.6.35,UDP,50,41730  >  6346 Len=8
6.78125,81.131.67.131,64.235.163.143,UDP,61,41730  >  25985 Len=19
103.473361,192.168.137.147,239.255.255.250,UDP,666,53619  >  3702 Len=624
53.139115,fe80::a8f9:bf90:88d5:7c62,ff02::c,UDP,686,51064  >  3702 Len=624
5.609375,81.131.67.131,195.130.143.128,UDP,61,41730  >  6346 Len=19
8.330078,81.131.67.131,212.129.214.254,UDP,61,41730  >  6346 Len=19
103.190244,192.168.137.147,239.255.255.250,UDP,666,53619  >  3702 Len=624
19.386719,85.68.186.238,81.131.67.131,UDP,50,6346  >  41730 Len=8
0.817095,193.63.53.155,224.1.2.3,UDP,1482,1976  >  6003 Len=1440
16.518104,192.168.2.6,224.0.1.129,UDP,106,42320  >  42320 Len=64
19.176758,83.237.103.61,81.131.67.131,UDP,50,6346  >  41730 Len=8
56.267578,81.131.67.131,65.8.139.48,UDP,323,41730  >  14233 Len=281
95.797769,192.168.137.147,239.255.255.250,UDP,666,53615  >  3702 Len=624
48.516602,81.131.67.131,82.44.146.72,UDP,61,41730  >  34087 Len=19
73.729824,192.168.137.147,239.255.255.250,UDP,666,58318  >  3702 Len=624
5.494931,193.63.53.155,224.1.2.3,UDP,1482,1976  >  6003 Len=1440
52.938477,81.131.67.131,82.42.241.166,UDP,550,41730  >  31391 Len=508
15.458007,193.63.53.155,224.1.2.3,UDP,66,1976  >  6003 Len=24
23.048828,81.251.185.1,81.131.67.131,UDP,61,31074  >  41730 Len=19
5.723436,193.63.53.155,224.1.2.3,UDP,1482,1976  >  6003 Len=1440
11.751953,81.131.67.131,151.37.67.40,UDP,61,41730  >  6346 Len=19
16.202149,81.131.67.131,212.129.214.254,UDP,61,41730  >  6346 Len=19
15.498476,192.168.2.6,224.0.1.129,UDP,86,42319  >  42319 Len=44
120.827212,192.168.137.147,239.255.255.250,UDP,666,53623  >  3702 Len=624
90.802488,fe80::a8f9:bf90:88d5:7c62,ff02::c,UDP,686,55446  >  3702 Len=624
48.500977,81.131.67.131,149.156.74.157,UDP,61,41730  >  6347 Len=19
5.541993,213.22.134.120,81.131.67.131,UDP,60,19408  >  41730 Len=18
46.391602,81.131.67.131,38.115.4.204,UDP,54,41730  >  21284 Len=12
47.454102,81.131.67.131,213.10.213.50,UDP,61,41730  >  6346 Len=19
18.739279,193.63.53.155,224.1.2.3,UDP,66,1976  >  6003 Len=24
48.422852,81.131.67.131,82.10.189.102,UDP,61,41730  >  6346 Len=19
17.203125,81.131.67.131,84.84.15.199,UDP,518,41730  >  15492 Len=476
8.75,68.62.236.42,81.131.67.131,UDP,61,28101  >  41730 Len=19
1747.11313,192.168.137.1,255.255.255.255,UDP,56,56171  >  3289 Len=14
25.955078,81.131.67.131,84.248.196.113,UDP,61,41730  >  6346 Len=19
18.219727,81.131.67.131,65.43.223.20,UDP,61,41730  >  6346 Len=19
1.446055,193.63.53.155,224.1.2.3,UDP,1482,1976  >  6003 Len=1440
32.109375,81.131.67.131,201.21.18.93,UDP,50,41730  >  6346 Len=8
30.236328,81.131.67.131,212.118.95.250,UDP,419,41730  >  6881 Len=377
17.700196,24.11.146.28,81.131.67.131,UDP,50,17342  >  41730 Len=8
3.29175,193.63.53.155,224.1.2.3,UDP,1482,1976  >  6003 Len=1440
7.742998,193.63.53.155,224.1.2.3,UDP,1482,1976  >  6003 Len=1440
0.515625,84.159.23.80,81.131.67.131,UDP,61,62082  >  41730 Len=19
47.782227,81.131.67.131,24.11.146.28,UDP,50,41730  >  17342 Len=8
6.625,81.131.67.131,24.207.37.197,UDP,61,41730  >  6346 Len=19
15.268555,81.131.67.131,144.138.79.46,UDP,428,41730  >  18500 Len=386
17.454102,81.131.67.131,212.87.122.210,UDP,61,41730  >  6346 Len=19
57.236328,81.131.67.131,83.117.6.35,UDP,61,41730  >  6346 Len=19
32.109375,201.21.18.93,81.131.67.131,UDP,61,6346  >  41730 Len=19
22.798828,81.131.67.131,82.41.137.36,UDP,61,41730  >  6346 Len=19
53.328417,fe80::a8f9:bf90:88d5:7c62,ff02::c,UDP,686,51064  >  3702 Len=624
44.206055,81.131.67.131,83.117.6.35,UDP,61,41730  >  6346 Len=19
45.18483,192.168.137.147,239.255.255.250,UDP,666,60946  >  3702 Len=624
17.469727,81.131.67.131,213.118.155.13,UDP,61,41730  >  6346 Len=19
81.638903,fe80::a8f9:bf90:88d5:7c62,ff02::c,UDP,686,58321  >  3702 Len=624
152.329781,192.168.137.147,239.255.255.250,UDP,666,55472  >  3702 Len=624
3.380617,193.63.53.155,224.1.2.3,UDP,1482,1976  >  6003 Len=1440
42.125,81.131.67.131,207.216.13.37,UDP,61,41730  >  6346 Len=19
50.640625,81.131.67.131,83.117.6.35,UDP,61,41730  >  6346 Len=19
39.84375,81.131.67.131,172.207.50.80,UDP,61,41730  >  6346 Len=19
45.367188,65.30.55.121,81.131.67.131,UDP,54,6346  >  41730 Len=12
40.90625,81.131.67.131,62.167.89.152,UDP,61,41730  >  6346 Len=19
51.782227,81.131.67.131,82.171.96.179,UDP,61,41730  >  6346 Len=19
14.214844,81.131.67.131,67.174.93.14,UDP,61,41730  >  6346 Len=19
2.25659,193.63.53.155,224.1.2.3,UDP,1482,1976  >  6003 Len=1440
56.205078,81.131.67.131,202.133.203.254,UDP,61,41730  >  6346 Len=19
7.836751,193.63.53.155,224.1.2.3,UDP,1482,1976  >  6003 Len=1440
19.583008,81.131.67.131,213.189.168.206,UDP,61,41730  >  6346 Len=19
6.266602,81.131.67.131,213.189.168.206,UDP,61,41730  >  6346 Len=19
5.0625,81.131.67.131,147.10.31.210,UDP,433,41730  >  6346 Len=391
3.359375,81.131.67.131,80.144.139.239,UDP,61,41730  >  6346 Len=19
3.877709,193.63.53.155,224.1.2.3,UDP,1482,1976  >  6003 Len=1440
16.671875,84.101.247.219,81.131.67.131,UDP,50,6346  >  41730 Len=8
10.921875,216.12.80.10,81.131.67.131,UDP,126,6348  >  6348 Len=84
19.790025,fe80::a8f9:bf90:88d5:7c62,ff02::c,UDP,686,56936  >  3702 Len=624
117.542445,192.168.137.147,239.255.255.250,UDP,666,53623  >  3702 Len=624
86.869271,192.168.137.1,255.255.255.255,UDP,56,62569  >  3289 Len=14
60.601106,fe80::a8f9:bf90:88d5:7c62,ff02::c,UDP,686,57690  >  3702 Len=624
818.397719,192.168.137.1,255.255.255.255,UDP,56,53797  >  3289 Len=14
28.080078,81.131.67.131,82.120.166.143,UDP,61,41730  >  15219 Len=19
0.71875,81.131.67.131,83.117.6.35,UDP,61,41730  >  6346 Len=19
15.095703,81.131.67.131,139.168.32.121,UDP,61,41730  >  6346 Len=19
52.891602,81.131.67.131,80.171.9.79,UDP,61,41730  >  6346 Len=19
48.65349,192.168.137.147,239.255.255.250,UDP,666,60946  >  3702 Len=624
55.243164,81.131.67.131,172.186.173.245,UDP,61,41730  >  6346 Len=19
6.802554,193.63.53.155,224.1.2.3,UDP,1482,1976  >  6003 Len=1440
2.928592,193.63.53.155,224.1.2.3,UDP,1482,1976  >  6003 Len=1440
19.53125,81.131.67.131,202.133.203.254,UDP,61,41730  >  6346 Len=19
40.90625,81.131.67.131,82.42.241.166,UDP,355,41730  >  31391 Len=313
25.939453,81.131.67.131,200.43.70.60,UDP,61,41730  >  6346 Len=19
12.6875,81.59.142.167,81.131.67.131,UDP,61,6346  >  41730 Len=19
1696.732352,192.168.137.1,255.255.255.255,UDP,56,56166  >  3289 Len=14
13.333008,81.131.67.131,81.229.210.114,UDP,50,41730  >  6346 Len=8
1767.387533,192.168.137.1,255.255.255.255,UDP,56,56179  >  3289 Len=14
8.646377,193.63.53.155,224.1.2.3,UDP,1482,1976  >  6003 Len=1440
0.75,81.131.67.131,212.194.202.220,UDP,61,41730  >  6346 Len=19
14.111328,81.131.67.131,219.137.42.1,UDP,61,41730  >  6346 Len=19
56.251953,81.131.67.131,213.189.168.206,UDP,61,41730  >  6346 Len=19
44.25293,81.131.67.131,62.193.101.150,UDP,61,41730  >  6346 Len=19
42.078125,81.131.67.131,62.203.155.212,UDP,61,41730  >  6346 Len=19
7.79183,193.63.53.155,224.1.2.3,UDP,1482,1976  >  6003 Len=1440
6.258626,193.63.53.155,224.1.2.3,UDP,1482,1976  >  6003 Len=1440
56.220703,81.131.67.131,62.34.123.244,UDP,61,41730  >  6346 Len=19
223.892047,192.168.137.187,192.168.137.255,UDP,82,57621  >  57621 Len=40
85.961202,fe80::a8f9:bf90:88d5:7c62,ff02::c,UDP,686,58321  >  3702 Len=624
0.59375,81.131.67.131,64.83.226.59,UDP,50,41730  >  56000 Len=8
24.861328,81.131.67.131,211.31.4.111,UDP,343,41730  >  39489 Len=301
46.157227,81.131.67.131,38.115.4.204,UDP,50,41730  >  21284 Len=8
56.345703,84.104.246.32,81.131.67.131,UDP,60,10608  >  41730 Len=18
52.641602,81.131.67.131,81.220.177.19,UDP,50,41730  >  6346 Len=8
8.439453,81.131.67.131,82.44.146.72,UDP,61,41730  >  34087 Len=19
52.680427,fe80::a8f9:bf90:88d5:7c62,ff02::c,UDP,686,51064  >  3702 Len=624
8.470703,81.131.67.131,24.11.146.28,UDP,54,41730  >  17342 Len=12
31.001953,65.30.55.121,81.131.67.131,UDP,54,6346  >  41730 Len=12
0.140625,81.131.67.131,172.186.173.245,UDP,61,41730  >  6346 Len=19
0.84375,81.131.67.131,82.44.146.72,UDP,61,41730  >  34087 Len=19
6.714681,193.63.53.155,224.1.2.3,UDP,1482,1976  >  6003 Len=1440
57.251953,81.131.67.131,212.194.202.220,UDP,61,41730  >  6346 Len=19
9.0625,213.73.236.149,81.131.67.131,UDP,61,60832  >  41730 Len=19
1.711652,193.63.53.155,224.1.2.3,UDP,1482,1976  >  6003 Len=1440
3.650159,193.63.53.155,224.1.2.3,UDP,1482,1976  >  6003 Len=1440
73.729575,fe80::a8f9:bf90:88d5:7c62,ff02::c,UDP,686,58319  >  3702 Len=624
73.729288,192.168.137.147,239.255.255.250,UDP,666,58318  >  3702 Len=624
52.610352,81.220.177.19,81.131.67.131,UDP,61,6346  >  41730 Len=19
103.757073,fe80::a8f9:bf90:88d5:7c62,ff02::c,UDP,686,53620  >  3702 Len=624
26.001953,81.131.67.131,201.12.152.2,UDP,61,41730  >  1313 Len=19
95.640348,fe80::a8f9:bf90:88d5:7c62,ff02::c,UDP,686,53616  >  3702 Len=624
20.375992,192.168.2.6,224.0.0.107,UDP,96,42319  >  42319 Len=54
95.875411,fe80::a8f9:bf90:88d5:7c62,ff02::c,UDP,686,53616  >  3702 Len=624
1.89731,193.63.53.155,224.1.2.3,UDP,1482,1976  >  6003 Len=1440
5.452039,193.63.53.155,224.1.2.3,UDP,1482,1976  >  6003 Len=1440
52.664397,192.168.137.147,239.255.255.250,UDP,666,60946  >  3702 Len=624
6.625,81.131.67.131,38.115.4.204,UDP,54,41730  >  21284 Len=12
29.015625,81.131.67.131,84.43.8.55,UDP,50,41730  >  6346 Len=8
18.813477,172.187.35.142,81.131.67.131,UDP,61,6346  >  41730 Len=19
2.359375,81.131.67.131,65.30.55.121,UDP,54,41730  >  6346 Len=12
81.70185,192.168.137.147,239.255.255.250,UDP,666,58320  >  3702 Len=624
37.736328,81.131.67.131,83.192.41.164,UDP,50,41730  >  6346 Len=8
0.71875,24.102.197.177,81.131.67.131,UDP,50,4917  >  41730 Len=8
0.765625,81.131.67.131,207.148.176.7,UDP,61,41730  >  6346 Len=19
19.360352,81.190.139.194,81.131.67.131,UDP,50,6346  >  41730 Len=8
11.921875,81.131.67.131,210.23.168.206,UDP,550,41730  >  4014 Len=508
45.341546,fe80::a8f9:bf90:88d5:7c62,ff02::c,UDP,686,60947  >  3702 Len=624
6.350401,193.63.53.155,224.1.2.3,UDP,1482,1976  >  6003 Len=1440
81.011318,fe80::a8f9:bf90:88d5:7c62,ff02::c,UDP,686,58319  >  3702 Len=624
53.954102,81.131.67.131,201.137.214.74,UDP,61,41730  >  6346 Len=19
8.770417,193.63.53.155,224.1.2.3,UDP,1482,1976  >  6003 Len=1440
0.1875,81.131.67.131,195.14.223.213,UDP,61,41730  >  6346 Len=19
8.552584,193.63.53.155,224.1.2.3,UDP,1482,1976  >  6003 Len=1440
5.03125,81.131.67.131,62.205.109.173,UDP,61,41730  >  6346 Len=19
117.667048,fe80::a8f9:bf90:88d5:7c62,ff02::c,UDP,686,53624  >  3702 Len=624
8.828996,193.63.53.155,224.1.2.3,UDP,1482,1976  >  6003 Len=1440
45.231693,192.168.137.147,239.255.255.250,UDP,666,60946  >  3702 Len=624
1366.495097,192.168.137.1,255.255.255.255,UDP,56,58925  >  3289 Len=14
41.59375,145.53.47.136,81.131.67.131,UDP,50,6346  >  41730 Len=8
447.610985,192.168.137.1,255.255.255.255,UDP,56,60341  >  3289 Len=14
2.521313,193.63.53.155,224.1.2.3,UDP,1482,1976  >  6003 Len=1440
6.443166,193.63.53.155,224.1.2.3,UDP,1482,1976  >  6003 Len=1440
17.500977,81.131.67.131,172.207.12.17,UDP,61,41730  >  6346 Len=19
53.724339,fe80::a8f9:bf90:88d5:7c62,ff02::c,UDP,686,51064  >  3702 Len=624
115.511325,fe80::a8f9:bf90:88d5:7c62,ff02::c,UDP,686,53622  >  3702 Len=624
4.359375,65.30.55.121,81.131.67.131,UDP,50,6346  >  41730 Len=8
8.734375,81.131.67.131,62.167.89.152,UDP,61,41730  >  6346 Len=19
4.09375,81.131.67.131,68.45.204.224,UDP,415,6348  >  6346 Len=373
16.469727,81.131.67.131,84.99.71.2,UDP,61,41730  >  6346 Len=19
497.991006,192.168.137.1,255.255.255.255,UDP,56,60351  >  3289 Len=14
7.297852,81.131.67.131,139.168.32.121,UDP,61,41730  >  6346 Len=19
13.320313,81.229.210.114,81.131.67.131,UDP,61,6346  >  41730 Len=19
14.689453,24.11.146.28,81.131.67.131,UDP,54,17342  >  41730 Len=12
7.926675,193.63.53.155,224.1.2.3,UDP,1482,1976  >  6003 Len=1440
7.432618,81.131.67.131,82.216.238.111,UDP,61,41730  >  28046 Len=19
4.052505,193.63.53.155,224.1.2.3,UDP,1482,1976  >  6003 Len=1440
0.171875,81.131.67.131,85.96.110.115,UDP,61,41730  >  6346 Len=19
15.205078,81.131.67.131,82.216.238.111,UDP,61,41730  >  28046 Len=19
48.727539,81.131.67.131,83.193.215.103,UDP,50,41730  >  6346 Len=8
39.875,81.131.67.131,81.244.90.24,UDP,61,41730  >  6346 Len=19
45.421875,81.131.67.131,212.195.108.125,UDP,50,41730  >  6346 Len=8
9.470703,81.131.67.131,62.203.155.212,UDP,61,41730  >  6346 Len=19
22.783203,81.131.67.131,84.99.71.2,UDP,61,41730  >  6346 Len=19
0.0,193.63.53.155,224.1.2.3,UDP,70,1976  >  6003 Len=28
3.201909,193.63.53.155,224.1.2.3,UDP,1482,1976  >  6003 Len=1440
44.22168,81.131.67.131,195.130.143.128,UDP,61,41730  >  6346 Len=19
25.876953,81.131.67.131,83.112.25.172,UDP,61,41730  >  6346 Len=19
43.196289,81.131.67.131,62.34.123.244,UDP,61,41730  >  6346 Len=19
915.221684,192.168.137.1,255.255.255.255,UDP,56,62334  >  3289 Len=14
5.004715,193.63.53.155,224.1.2.3,UDP,1482,1976  >  6003 Len=1440
48.407227,81.131.67.131,81.244.90.24,UDP,61,41730  >  6346 Len=19
48.672852,83.193.215.103,81.131.67.131,UDP,61,6346  >  41730 Len=19
39.796875,81.131.67.131,220.239.6.3,UDP,61,41730  >  6346 Len=19
32.422203,fe80::a8f9:bf90:88d5:7c62,ff02::c,UDP,686,63257  >  3702 Len=624
15.319336,81.131.67.131,81.168.245.157,UDP,50,41730  >  6346 Len=8
73.351585,192.168.137.147,239.255.255.250,UDP,666,52891  >  3702 Len=624
154.345349,192.168.137.147,239.255.255.250,UDP,666,55472  >  3702 Len=624
13.044922,81.131.67.131,212.195.108.125,UDP,54,41730  >  6346 Len=12
55.151368,81.131.67.131,80.144.139.239,UDP,61,41730  >  6346 Len=19
7.342703,193.63.53.155,224.1.2.3,UDP,1482,1976  >  6003 Len=1440
29.168946,81.131.67.131,62.195.221.46,UDP,349,41730  >  6346 Len=307
46.438477,81.131.67.131,65.30.55.121,UDP,54,41730  >  6346 Len=12
467.886012,192.168.137.1,255.255.255.255,UDP,56,60346  >  3289 Len=14
44.979982,192.168.137.147,239.255.255.250,UDP,666,60946  >  3702 Len=624
44.28418,81.131.67.131,200.64.114.14,UDP,329,41730  >  6346 Len=287
47.516602,81.131.67.131,82.253.34.137,UDP,61,41730  >  6347 Len=19
8.345703,81.131.67.131,172.177.184.179,UDP,61,41730  >  6346 Len=19
25.876953,81.131.67.131,195.14.223.213,UDP,61,41730  >  6346 Len=19
1.848363,193.63.53.155,224.1.2.3,UDP,1482,1976  >  6003 Len=1440
12.861328,81.131.67.131,80.185.105.19,UDP,61,41730  >  6346 Len=19
8.871972,193.63.53.155,224.1.2.3,UDP,717,1976  >  6003 Len=675
78.999008,fe80::a8f9:bf90:88d5:7c62,ff02::c,UDP,686,58319  >  3702 Len=624
17.454102,81.131.67.131,84.98.242.226,UDP,61,41730  >  6346 Len=19
23.844727,218.86.72.220,81.131.67.131,UDP,50,36389  >  41730 Len=8
6.703125,81.131.67.131,80.57.230.242,UDP,61,41730  >  6346 Len=19
48.021394,192.168.137.147,239.255.255.250,UDP,666,60946  >  3702 Len=624
5.180461,193.63.53.155,224.1.2.3,UDP,1482,1976  >  6003 Len=1440
17.563477,81.131.67.131,85.216.130.151,UDP,61,41730  >  5180 Len=19
118.296863,192.168.137.147,239.255.255.250,UDP,666,53623  >  3702 Len=624
47.766602,24.11.146.28,81.131.67.131,UDP,50,17342  >  41730 Len=8
7.568185,193.63.53.155,224.1.2.3,UDP,1482,1976  >  6003 Len=1440
46.329102,81.131.67.131,139.168.32.121,UDP,61,41730  >  6346 Len=19
27.876953,81.131.67.131,81.106.187.198,UDP,50,41730  >  15651 Len=8
43.169922,81.131.67.131,212.195.108.125,UDP,54,41730  >  6346 Len=12
21.641602,81.131.67.131,24.43.167.12,UDP,61,41730  >  6346 Len=19
15.080078,81.131.67.131,38.115.4.204,UDP,54,41730  >  21284 Len=12
1386.463199,192.168.137.1,255.255.255.255,UDP,56,58925  >  3289 Len=14
86.337767,192.168.137.147,239.255.255.250,UDP,666,58320  >  3702 Len=624
0.0,81.131.67.131,82.122.176.117,UDP,50,41730  >  11326 Len=8
46.407227,81.131.67.131,80.171.9.79,UDP,61,41730  >  6346 Len=19
6.217585,193.63.53.155,224.1.2.3,UDP,1482,1976  >  6003 Len=1440
5.132695,193.63.53.155,224.1.2.3,UDP,1482,1976  >  6003 Len=1440
60.632779,192.168.137.147,239.255.255.250,UDP,666,57689  >  3702 Len=624
6.130706,193.63.53.155,224.1.2.3,UDP,1482,1976  >  6003 Len=1440
46.469727,81.131.67.131,213.96.20.254,UDP,61,41730  >  6347 Len=19
22.094727,81.131.67.131,81.247.65.177,UDP,61,41730  >  6346 Len=19
17.171875,60.224.255.117,81.131.67.131,UDP,50,40682  >  41730 Len=8
56.189453,81.131.67.131,83.112.25.172,UDP,61,41730  >  6346 Len=19
11.720703,81.131.67.131,213.224.41.203,UDP,61,41730  >  6346 Len=19
5.395303,193.63.53.155,224.1.2.3,UDP,1482,1976  >  6003 Len=1440
39.921875,81.131.67.131,83.203.140.221,UDP,61,41730  >  6346 Len=19
31.427735,81.131.67.131,82.42.241.166,UDP,550,41730  >  31391 Len=508
20.438477,81.131.67.131,85.135.146.10,UDP,61,41730  >  6346 Len=19
3.421875,81.131.67.131,193.251.185.169,UDP,61,41730  >  6346 Len=19
10.28125,62.179.21.139,81.131.67.131,UDP,74,6346  >  6348 Len=32
888.7461,192.168.137.1,255.255.255.255,UDP,56,52225  >  3289 Len=14
40.296875,81.131.67.131,24.11.146.28,UDP,50,41730  >  17342 Len=8
16.438477,81.131.67.131,24.109.212.31,UDP,61,41730  >  6346 Len=19
14.064453,81.131.67.131,85.135.146.10,UDP,61,41730  >  6346 Len=19
42.109375,81.131.67.131,172.186.173.245,UDP,61,41730  >  6346 Len=19
147.550507,192.168.137.147,239.255.255.250,UDP,666,55472  >  3702 Len=624
6.039284,193.63.53.155,224.1.2.3,UDP,1482,1976  >  6003 Len=1440
7.118014,193.63.53.155,224.1.2.3,UDP,1482,1976  >  6003 Len=1440
0.230174,193.63.53.155,224.1.2.3,UDP,1482,1976  >  6003 Len=1440
49.554688,81.131.67.131,202.133.203.254,UDP,61,41730  >  6346 Len=19
95.766077,192.168.137.147,239.255.255.250,UDP,666,53615  >  3702 Len=624
9.671875,69.11.56.178,81.131.67.131,UDP,61,6346  >  41730 Len=19
858.640511,192.168.137.1,255.255.255.255,UDP,56,64967  >  3289 Len=14
20.173828,83.199.63.178,81.131.67.131,UDP,50,6346  >  41730 Len=8
2.34375,81.131.67.131,38.115.4.204,UDP,54,41730  >  21284 Len=12
6.395326,193.63.53.155,224.1.2.3,UDP,1482,1976  >  6003 Len=1440
56.59323,192.168.137.1,255.255.255.255,UDP,56,50216  >  3289 Len=14
9.953125,60.240.56.21,81.131.67.131,UDP,61,6346  >  41730 Len=19
4.367966,193.63.53.155,224.1.2.3,UDP,1482,1976  >  6003 Len=1440
1716.700367,192.168.137.1,255.255.255.255,UDP,56,56166  >  3289 Len=14
3.4375,81.131.67.131,81.133.140.169,UDP,61,41730  >  6346 Len=19
3.788839,193.63.53.155,224.1.2.3,UDP,1482,1976  >  6003 Len=1440
3.023189,193.63.53.155,224.1.2.3,UDP,1482,1976  >  6003 Len=1440
9.455078,81.131.67.131,82.10.189.102,UDP,61,41730  >  6346 Len=19
13.814453,213.224.41.203,81.131.67.131,UDP,50,6346  >  41730 Len=8
47.500977,81.131.67.131,65.43.223.20,UDP,61,41730  >  6346 Len=19
6.195313,81.131.67.131,81.161.144.10,UDP,61,41730  >  6346 Len=19
4.224385,193.63.53.155,224.1.2.3,UDP,1482,1976  >  6003 Len=1440
26.970703,81.131.67.131,85.96.110.115,UDP,61,41730  >  6346 Len=19
26.923828,81.131.67.131,172.177.184.179,UDP,61,41730  >  6346 Len=19
7.069179,193.63.53.155,224.1.2.3,UDP,1482,1976  >  6003 Len=1440
51.446289,84.194.251.70,81.131.67.131,UDP,61,6346  >  41730 Len=19
20.470419,192.168.2.6,224.0.1.129,UDP,86,42319  >  42319 Len=44
10.048828,83.53.165.235,81.131.67.131,UDP,54,6346  >  41730 Len=12
11.751953,81.131.67.131,80.125.99.71,UDP,61,41730  >  6346 Len=19
16.004858,193.63.53.155,224.1.2.3,UDP,66,1976  >  6003 Len=24
11.736328,81.131.67.131,65.43.223.20,UDP,61,41730  >  6346 Len=19
27.861328,81.106.187.198,81.131.67.131,UDP,61,15651  >  41730 Len=19
57.220703,81.131.67.131,81.247.65.177,UDP,61,41730  >  6346 Len=19
2.742909,193.63.53.155,224.1.2.3,UDP,1482,1976  >  6003 Len=1440
25.923828,81.131.67.131,218.72.89.80,UDP,61,41730  >  6346 Len=19
55.465821,24.11.146.28,81.131.67.131,UDP,54,17342  >  41730 Len=12
594.722176,192.168.137.1,255.255.255.255,UDP,56,51936  >  3289 Len=14
22.705078,81.131.67.131,219.52.36.71,UDP,110,41730  >  39218 Len=68
53.044102,192.168.137.147,239.255.255.250,UDP,666,51063  >  3702 Len=624
52.969727,81.131.67.131,38.115.4.204,UDP,54,41730  >  21284 Len=12
81.043024,192.168.137.147,239.255.255.250,UDP,666,58320  >  3702 Len=624
14.173828,81.131.67.131,60.224.255.117,UDP,61,41730  >  40682 Len=19
0.630682,193.63.53.155,224.1.2.3,UDP,1482,1976  >  6003 Len=1440
52.922852,81.131.67.131,81.161.144.10,UDP,61,41730  >  6346 Len=19
8.376953,81.131.67.131,207.216.13.37,UDP,61,41730  >  6346 Len=19
6.71875,81.131.67.131,62.238.23.14,UDP,61,41730  >  6346 Len=19
5.857613,193.63.53.155,224.1.2.3,UDP,1482,1976  >  6003 Len=1440
2.375,81.131.67.131,81.11.204.41,UDP,526,41730  >  6346 Len=484
0.375,81.131.67.131,81.56.116.170,UDP,50,41730  >  6346 Len=8
18.266602,81.131.67.131,139.55.21.35,UDP,428,41730  >  63346 Len=386
95.813244,fe80::a8f9:bf90:88d5:7c62,ff02::c,UDP,686,53616  >  3702 Len=624
19.399414,83.237.44.108,81.131.67.131,UDP,50,6346  >  41730 Len=8
15.189453,81.131.67.131,81.161.144.10,UDP,61,41730  >  6346 Len=19
6.083795,193.63.53.155,224.1.2.3,UDP,1482,1976  >  6003 Len=1440
3.4375,81.131.67.131,84.56.231.176,UDP,61,41730  >  6346 Len=19
117.651689,192.168.137.147,239.255.255.250,UDP,666,53623  >  3702 Len=624
0.796875,81.131.67.131,172.177.184.179,UDP,61,41730  >  6346 Len=19
26.986328,81.131.67.131,84.148.18.126,UDP,61,41730  >  6346 Len=19
18.193388,193.63.53.155,224.1.2.3,UDP,66,1976  >  6003 Len=24
46.360352,81.131.67.131,82.238.153.198,UDP,61,41730  >  6346 Len=19
20.548828,81.131.67.131,62.203.155.212,UDP,61,41730  >  6346 Len=19
173.954037,192.168.137.1,255.255.255.255,UDP,56,50859  >  3289 Len=14
1305.977084,192.168.137.1,255.255.255.255,UDP,56,62073  >  3289 Len=14
42.21875,81.131.67.131,82.44.146.72,UDP,61,41730  >  34087 Len=19
28.048828,81.131.67.131,83.203.140.221,UDP,61,41730  >  6346 Len=19
89.513795,fe80::a8f9:bf90:88d5:7c62,ff02::c,UDP,686,55446  >  3702 Len=624
18.250977,81.131.67.131,82.92.21.6,UDP,61,41730  >  6346 Len=19
35.641602,81.131.67.131,83.116.155.57,UDP,61,41730  >  6346 Len=19
90.70816,fe80::a8f9:bf90:88d5:7c62,ff02::c,UDP,686,55446  >  3702 Len=624
40.234375,24.11.146.28,81.131.67.131,UDP,50,17342  >  41730 Len=8
21.579102,81.131.67.131,62.205.109.173,UDP,61,41730  >  6346 Len=19
117.872229,192.168.137.147,239.255.255.250,UDP,666,53623  >  3702 Len=624
0.725307,193.63.53.155,224.1.2.3,UDP,1482,1976  >  6003 Len=1440
51.797852,81.131.67.131,80.185.105.19,UDP,61,41730  >  6346 Len=19
848.502744,192.168.137.1,255.255.255.255,UDP,56,64967  >  3289 Len=14
0.78125,81.131.67.131,62.193.101.150,UDP,61,41730  >  6346 Len=19
48.454102,81.131.67.131,83.132.177.64,UDP,61,41730  >  6346 Len=19
8.106315,193.63.53.155,224.1.2.3,UDP,1482,1976  >  6003 Len=1440
17.532227,81.131.67.131,84.148.18.126,UDP,61,41730  >  6346 Len=19
16.157227,81.131.67.131,65.30.55.121,UDP,50,41730  >  6346 Len=8
1.082719,193.63.53.155,224.1.2.3,UDP,70,1976  >  6003 Len=28
7.431469,193.63.53.155,224.1.2.3,UDP,1482,1976  >  6003 Len=1440
4.53125,81.131.67.131,68.220.65.107,UDP,550,41730  >  41229 Len=508
14.912757,193.63.53.155,224.1.2.3,UDP,66,1976  >  6003 Len=24
69.564728,fe80::a8f9:bf90:88d5:7c62,ff02::c,UDP,686,52892  >  3702 Len=624
4.599389,193.63.53.155,224.1.2.3,UDP,1482,1976  >  6003 Len=1440
52.860352,81.131.67.131,82.238.153.198,UDP,61,41730  >  6346 Len=19
7.383622,193.63.53.155,224.1.2.3,UDP,1482,1976  >  6003 Len=1440
39.796875,81.131.67.131,84.248.196.113,UDP,61,41730  >  6346 Len=19
1777.527873,192.168.137.1,255.255.255.255,UDP,56,56179  >  3289 Len=14
58.376953,81.131.67.131,81.241.94.212,UDP,61,41730  >  6346 Len=19
3.428464,193.63.53.155,224.1.2.3,UDP,1482,1976  >  6003 Len=1440
104.355291,192.168.137.147,239.255.255.250,UDP,666,53619  >  3702 Len=624
25.970703,81.131.67.131,220.239.6.3,UDP,61,41730  >  6346 Len=19
39.859375,81.131.67.131,213.10.213.50,UDP,61,41730  >  6346 Len=19
0.578125,81.131.67.131,84.159.23.80,UDP,50,41730  >  62082 Len=8
1.21875,81.131.67.131,80.171.9.79,UDP,61,41730  >  6346 Len=19
52.681614,192.168.137.147,239.255.255.250,UDP,666,51063  >  3702 Len=624
0.15625,81.131.67.131,207.216.13.37,UDP,61,41730  >  6346 Len=19
10.626953,81.131.67.131,139.55.21.35,UDP,428,41730  >  63346 Len=386
18.688477,81.131.67.131,24.11.146.28,UDP,50,41730  >  17342 Len=8
31.206003,fe80::a8f9:bf90:88d5:7c62,ff02::c,UDP,686,63257  >  3702 Len=624
1.176475,193.63.53.155,224.1.2.3,UDP,1482,1976  >  6003 Len=1440
2.391378,193.63.53.155,224.1.2.3,UDP,1482,1976  >  6003 Len=1440
16.25,81.131.67.131,83.132.177.64,UDP,61,41730  >  6346 Len=19
4.866002,193.63.53.155,224.1.2.3,UDP,1482,1976  >  6003 Len=1440
22.751953,81.131.67.131,24.109.212.31,UDP,61,41730  >  6346 Len=19
0.860091,193.63.53.155,224.1.2.3,UDP,1482,1976  >  6003 Len=1440
36.204102,80.57.189.205,81.131.67.131,UDP,50,37582  >  41730 Len=8
143.541702,192.168.137.1,255.255.255.255,UDP,56,56498  >  3289 Len=14
35.672852,81.131.67.131,80.144.139.239,UDP,61,41730  >  6346 Len=19
17.267877,192.168.2.6,224.0.0.107,UDP,96,42319  >  42319 Len=54
17.422852,81.131.67.131,81.106.187.198,UDP,61,41730  >  6346 Len=19
19.642578,81.131.67.131,81.106.187.198,UDP,50,41730  >  15644 Len=8
0.703125,81.131.67.131,24.43.167.12,UDP,61,41730  >  6346 Len=19
17.579102,81.131.67.131,211.26.30.182,UDP,50,41730  >  1807 Len=8
103.284447,fe80::a8f9:bf90:88d5:7c62,ff02::c,UDP,686,53620  >  3702 Len=624
31.362305,81.131.67.131,69.4.150.232,UDP,61,41730  >  6346 Len=19
4.687285,193.63.53.155,224.1.2.3,UDP,1482,1976  >  6003 Len=1440
4.415794,193.63.53.155,224.1.2.3,UDP,1482,1976  >  6003 Len=1440
3.517337,193.63.53.155,224.1.2.3,UDP,1482,1976  >  6003 Len=1440
55.177735,81.131.67.131,200.158.81.150,UDP,61,41730  >  6346 Len=19
21.063477,81.131.67.131,139.168.32.121,UDP,61,41730  >  6346 Len=19
26.986328,81.131.67.131,201.137.214.74,UDP,61,41730  >  6346 Len=19
16.150391,81.131.67.131,195.130.143.128,UDP,61,41730  >  6346 Len=19
56.408203,81.131.67.131,84.104.246.32,UDP,50,41730  >  10608 Len=8
39.859375,81.131.67.131,145.53.47.136,UDP,61,41730  >  6346 Len=19
11.830078,81.131.67.131,82.171.96.179,UDP,61,41730  >  6346 Len=19
118.42282,fe80::a8f9:bf90:88d5:7c62,ff02::c,UDP,686,53624  >  3702 Len=624
21.641602,81.131.67.131,81.161.144.10,UDP,61,41730  >  6346 Len=19
58.376953,81.131.67.131,82.171.96.179,UDP,61,41730  >  6346 Len=19
23.033203,81.131.67.131,61.87.54.192,UDP,50,41730  >  6346 Len=8
3.453125,81.131.67.131,62.205.109.173,UDP,61,41730  >  6346 Len=19
8.689453,81.131.67.131,69.227.71.60,UDP,75,6348  >  6346 Len=33
16.21875,81.131.67.131,82.10.189.102,UDP,61,41730  >  6346 Len=19
9.0625,68.214.31.233,81.131.67.131,UDP,50,37459  >  41730 Len=8
3.335694,193.63.53.155,224.1.2.3,UDP,1482,1976  >  6003 Len=1440
16.125977,84.98.242.226,81.131.67.131,UDP,61,62573  >  41730 Len=19
148.854071,192.168.137.147,239.255.255.250,UDP,666,55472  >  3702 Len=624
5.274212,193.63.53.155,224.1.2.3,UDP,1482,1976  >  6003 Len=1440
35.610352,81.131.67.131,82.171.96.179,UDP,61,41730  >  6346 Len=19
564.709113,192.168.137.1,255.255.255.255,UDP,56,54914  >  3289 Len=14
19.125977,62.194.192.129,81.131.67.131,UDP,50,6346  >  41730 Len=8
35.563477,81.131.67.131,84.156.173.210,UDP,61,41730  >  6346 Len=19
95.641612,192.168.137.147,239.255.255.250,UDP,666,53615  >  3702 Len=624
16.485352,81.131.67.131,83.237.103.61,UDP,61,41730  >  6346 Len=19
23.876953,81.131.67.131,81.106.187.198,UDP,61,41730  >  6346 Len=19
20.422852,81.131.67.131,83.116.155.57,UDP,61,41730  >  6346 Len=19
5.046875,81.131.67.131,80.171.9.79,UDP,61,41730  >  6346 Len=19
37.767578,81.131.67.131,24.11.146.28,UDP,54,41730  >  17342 Len=12
23.329102,81.131.67.131,84.84.15.199,UDP,518,41730  >  15492 Len=476
898.883404,192.168.137.1,255.255.255.255,UDP,56,52225  >  3289 Len=14
2488.38071,192.168.137.1,255.255.255.255,UDP,56,49157  >  3289 Len=14
20.485352,81.131.67.131,218.86.72.220,UDP,61,41730  >  36389 Len=19
1.26737,193.63.53.155,224.1.2.3,UDP,1482,1976  >  6003 Len=1440
50.734375,81.131.67.131,38.115.4.204,UDP,54,41730  >  21284 Len=12
21.079102,81.131.67.131,213.54.85.41,UDP,61,41730  >  6346 Len=19
37.798828,81.131.67.131,69.4.150.232,UDP,61,41730  >  6346 Len=19
1736.975491,192.168.137.1,255.255.255.255,UDP,56,56171  >  3289 Len=14
4.823458,193.63.53.155,224.1.2.3,UDP,1482,1976  >  6003 Len=1440
